Gamma,Initial Fitness,Final Fitness,Std Dev,95% CI,Improvement %,Iterations
0.2,0.304718,0.289010,0.008318,"[0.285905, 0.292116]",5.15%,99
0.3,0.304417,0.288548,0.006840,"[0.285994, 0.291103]",5.21%,99
0.4,0.305573,0.291368,0.006632,"[0.288891, 0.293844]",4.65%,99
0.5,0.306390,0.290848,0.007415,"[0.288079, 0.293616]",5.07%,99
