Run,FinalFitness
0,0.1516446875
1,0.1390506100
2,0.1451812578
3,0.1505709501
4,0.1444952324
5,0.1591868714
6,0.1496022075
7,0.1576361129
8,0.1352787757
9,0.1527786793
10,0.1396894167
11,0.1380564849
12,0.1514614224
13,0.1420913284
14,0.1482163976
15,0.1504194193
16,0.1418806945
17,0.1350639715
18,0.1561680551
19,0.1310761013
20,0.1417128489
21,0.1511972989
22,0.1355785164
23,0.1480875156
24,0.1540519169
25,0.1398151114
26,0.1431782058
27,0.1477321935
28,0.1433276791
29,0.1432825560
