Run,FinalFitness
0,0.1198845214
1,0.1230097366
2,0.1216036052
3,0.1208658312
4,0.1166085776
5,0.1188166296
6,0.1242320904
7,0.1171534354
8,0.1196806586
9,0.1138361614
10,0.1170757952
11,0.1178622642
12,0.1245375212
13,0.1207180151
14,0.1141363417
15,0.1132202215
16,0.1113142976
17,0.1207331210
18,0.1220303788
19,0.1109624985
20,0.1189128467
21,0.1191686557
22,0.1125187583
23,0.1207573420
24,0.1174678840
25,0.1196554151
26,0.1249025315
27,0.1206102416
28,0.1236865879
29,0.1142900521
