Run,FinalFitness
0,0.1572973060
1,0.1546036122
2,0.1606178957
3,0.1480779154
4,0.1610371489
5,0.1540477210
6,0.1493906297
7,0.1564973955
8,0.1482115748
9,0.1683029389
10,0.1536181133
11,0.1553871445
12,0.1517623494
13,0.1624464822
14,0.1579287910
15,0.1548811938
16,0.1548771780
17,0.1510739290
18,0.1447783668
19,0.1592780588
20,0.1598697306
21,0.1494174101
22,0.1534703938
23,0.1607309663
24,0.1535993404
25,0.1483161749
26,0.1622276224
27,0.1535273641
28,0.1471775893
29,0.1551058477
