Run,FinalFitness
0,0.1398613028
1,0.1325113481
2,0.1446543027
3,0.1332466510
4,0.1550088672
5,0.1287531830
6,0.1426414606
7,0.1472564094
8,0.1484321474
9,0.1298159662
10,0.1312919474
11,0.1423047085
12,0.1521613640
13,0.1384369863
14,0.1419819511
15,0.1527600133
16,0.1260405799
17,0.1380939839
18,0.1417824550
19,0.1275929289
20,0.1509433197
21,0.1416629781
22,0.1364628016
23,0.1459488839
24,0.1528309181
25,0.1357691548
26,0.1454485206
27,0.1496525357
28,0.1432616002
29,0.1213120540
