Run,FinalFitness
0,0.2227051735
1,0.2233155595
2,0.2178756433
3,0.2105505416
4,0.2178820388
5,0.2226531302
6,0.2214523249
7,0.2187118753
8,0.2110588305
9,0.2217914250
10,0.2145571272
11,0.2160540837
12,0.2138605782
13,0.2073828342
14,0.2155039918
15,0.2162708655
16,0.2114478261
17,0.2294936902
18,0.1989906965
19,0.2142673904
20,0.2050903091
21,0.2219198139
22,0.2136890247
23,0.2194826659
24,0.2166979608
25,0.1913985757
26,0.2193812186
27,0.2177714226
28,0.2107022852
29,0.2157610214
