ParameterValue,Mean,StdDev,CI_Lower,CI_Upper,Min,Max,Median,NumRuns
0.00,0.1549186062,0.0054009189,0.1529020963,0.1569351160,0.1447783668,0.1683029389,0.1547403951,30
