ParameterValue,Mean,StdDev,CI_Lower,CI_Upper,Min,Max,Median,NumRuns
0.00,0.2906377941,0.0064770468,0.2882194966,0.2930560915,0.2758605293,0.3018018383,0.2925168722,30
