ParameterValue,Mean,StdDev,CI_Lower,CI_Upper,Min,Max,Median,NumRuns
0.00,0.2152573308,0.0075527838,0.2124373916,0.2180772700,0.1913985757,0.2294936902,0.2161624746,30
