ParameterValue,Mean,StdDev,CI_Lower,CI_Upper,Min,Max,Median,NumRuns
0.00,0.1186750672,0.0039332312,0.1172065395,0.1201435950,0.1109624985,0.1249025315,0.1194120354,30
