ParameterValue,Mean,StdDev,CI_Lower,CI_Upper,Min,Max,Median,NumRuns
0.00,0.1521237703,0.0086410782,0.1488975009,0.1553500396,0.1367263106,0.1712315399,0.1527692280,30
