ParameterValue,Mean,StdDev,CI_Lower,CI_Upper,Min,Max,Median,NumRuns
0.00,0.1455837506,0.0072016071,0.1428949283,0.1482725730,0.1310761013,0.1591868714,0.1448382451,30
