Beta,Initial Fitness,Final Fitness,Std Dev,95% CI,Improvement %,Iterations
0.1,0.305218,0.289938,0.005351,"[0.287939, 0.291936]",5.01%,99
0.2,0.304695,0.289694,0.007776,"[0.286790, 0.292597]",4.92%,99
0.3,0.303008,0.289056,0.007272,"[0.286340, 0.291771]",4.60%,99
0.4,0.302552,0.289703,0.006742,"[0.287186, 0.292221]",4.25%,99
0.5,0.302284,0.288070,0.007407,"[0.285304, 0.290836]",4.70%,99
