Cloudlets,Initial Fitness,Final Fitness,Std Dev,95% CI,Improvement %,Iterations
100,0.182160,0.165436,0.004649,"[0.163700, 0.167172]",9.18%,99
500,0.228355,0.213208,0.008648,"[0.209978, 0.216437]",6.63%,99
1000,0.306896,0.293641,0.006015,"[0.291395, 0.295887]",4.32%,99
2000,0.440351,0.423111,0.007687,"[0.420241, 0.425982]",3.92%,99
