Population,Initial Fitness,Final Fitness,Std Dev,95% CI,Improvement %,Iterations
30,0.311161,0.294412,0.007142,"[0.291745, 0.297079]",5.38%,99
50,0.307932,0.292510,0.006512,"[0.290078, 0.294941]",5.01%,99
100,0.304123,0.289643,0.007742,"[0.286752, 0.292534]",4.76%,99
